"beep!"	"test"	"test"

# ------ Upgrades -------
"upgrade_armor_1_01"	"Листова Броня"	"Armor decides how long Rusty's life bar is; each level adds another segment to the life bar. With a longer life bar, he can take more damage before he dies. Note that each level should have a 'tougher' name than the one before. "
"upgrade_armor_1_02"	"Міцна Броня"	""
"upgrade_armor_2_01"	"Важка Броня"	""
"upgrade_armor_2_02"	"Товста Броня"	""
"upgrade_armor_3_01"	"Суперброня"	""
"upgrade_armor_3_02"	"Ультраброня"	""
"upgrade_armor_reduce"	"Зменшення Шкоди"	""

"upgrade_water_1_01"	"Глибокий Бак"	"Tank decides how long Rusty's water bar is; each level adds another segment to the water bar. With a longer water bar, he can use special tools longer. Note that each level should have a 'tougher' name than the one before."
"upgrade_water_1_02"	"Подвійний Бак"	""
"upgrade_water_2_01"	"Великий Бак"	""
"upgrade_water_2_02"	"Супербак"	""
"upgrade_water_3_01"	"Незбагненний Бак"	""
"upgrade_water_3_02"	"Бездонний Бак"	""
"upgrade_water_process"	"Водонепроникний ущільнювач"	""

"upgrade_light_1_01"	"Вугільний Ліхтар"	"Lantern decides how much time Rusty can spend in the mine before his light dwindles; each level adds another 60 seconds of light. Note that each level should have a 'tougher' name than the one before."
"upgrade_light_2_01"	"Масляний Ліхтар"	""
"upgrade_light_3_01"	"Плазмовий Ліхтар"	""

"upgrade_pouch_1_01"	"Середній Мішечок"	"Pouch upgrades decide how many slots Rusty can use in his inventory to store ore he finds; each level opens another another slot. Note that each level should have a name denoting bigger size than the one before it."
"upgrade_pouch_1_02"	"Великий Мішечок"	""
"upgrade_pouch_1_03"	"Більший Мішечок"	""
"upgrade_pouch_2_01"	"Гігантський Мішечок"	""
"upgrade_pouch_2_02"	"Величезний Мішок"	""
"upgrade_pouch_3_01"	"Грандіозний Мішок"	""

"upgrade_enable_pickaxe"	"Стара Кирка"	""
"upgrade_pickaxe_pre"	"Гостра Кирка"	"Rusty's first and most basic tool. Can be upgraded according to the below. Each upgrade decreases the number of hits you need to break stone. Note that each level should have a 'tougher' name than the one before."
"upgrade_pickaxe_1_01"	"Мідна Кирка"	""
"upgrade_pickaxe_1_02"	"Бронзова Кирка"	""
"upgrade_pickaxe_1_03"	"Залізна Кирка"	""
"upgrade_pickaxe_1_04"	"Стальна Кирка"	""
"upgrade_pickaxe_2_01"	"Вольфрамова Кирка"	""
"upgrade_pickaxe_2_02"	"Срібляна Кирка"	""
"upgrade_pickaxe_2_03"	"Золота Кирка"	""
"upgrade_pickaxe_2_04"	"Платинова Кирка"	""
"upgrade_pickaxe_3_01"	"Гранатова Кирка"	""
"upgrade_pickaxe_3_02"	"Смарагдова Кирка"	""
"upgrade_pickaxe_3_03"	"Рубінова Кирка"	""
"upgrade_pickaxe_3_04"	"Діамантова Кирка"	""
"upgrade_pickaxe_speed_1"	"Швидка Кирка"	"Increases the number of times Rusty can swing his pickaxe during a given amount of time. A one time upgrade."
"upgrade_pickaxe_damage_1"	"Руйнівна Кирка"	"Increases the amount of damage Rusty's pickaxe inflicts upon enemies. First out of two one-time upgrades"

"upgrade_drill_1_01"	"Майстербур"	"Increases the damage Rusty's drill inflicts on dirt tiles. Each name should sound cooler than the one before it."
"upgrade_drill_1_02"	"Бур-о-трон"	""
"upgrade_drill_2_01"	"Ультрабур"	""
"upgrade_drill_2_02"	"Гіпербур"	""
"upgrade_drill_efficiency"	"Удосконалена Гідравліка"	""

"upgrade_punch_1_01"	"Сильний Удар"	"Punch upgrades increase the damage Rusty's steam punch inflicts on dirt tiles and enemies. Each name should sound cooler than the one before it."
"upgrade_punch_1_02"	"Потужний Удар"	""
"upgrade_punch_1_03"	"Нокаутуючий Удар"	""
"upgrade_punch_speed"	"Гідравлічна Рідина"	""

"upgrade_dynamite"	"Динаміт"	""
"upgrade_ladder"	"Драбина"	"Stackable ladders."
"upgrade_lamp"	"Лампа"	"Placeable lamps to light up the mine."
"upgrade_teleporter"	"Телепорт"	""

"upgrade_enable_run"	"Швидкісні Чоботи"	"Enables Rusty to run fast enough to traverse over sink stones and will let hit jump farther and higher."
"upgrade_enable_charge_jump"	"Паровий Стрибок"	"Will enable Rusty to boost his jump. Drains water reserves when used."
"upgrade_enable_dynamite"	"Динаміт"	""
"upgrade_enable_drill"	"Бур"	"Enables Rusty to drill through a special type of rock not susceptible to other tool. Drains water when used."
"upgrade_enable_punch"	"Паровий Удар"	"Enables Rusty to punch through a row of dirt. Force depends on how long you press to load the tool. Drains water when used."
"upgrade_enable_jump_double"	"Подвійний Стрибок"	"Enables Rusty to make a second jump while in the air."
"upgrade_fall_dampeners"	"Амортизатори Падіння"	"Enables Rusty to survive any fall."
"upgrade_static_dash"	"Статичний Ривок"	""
"upgrade_jump_double"	"Подвійний Стрибок"	""
"upgrade_minimap_resources"	"Детектор Мінералів"	"Will make resources visible on the mini map."
"upgrade_chargejump_1"	"Генератор тиску"	""
"upgrade_locked"	"Заблоковано"	""

# ------ Upgrades Desc -------
"upgrade_armor_1_01_desc"	"+1 максимального здоровья. \nЯ додам кілька металевих пластин до твоєї броні. Зроблю її трохи міцнішою."	"In-store descriptions for armor upgrades. The instances with the suffix _1 are sold by Cranky; _2 by Biff; _3 by dandy."
"upgrade_armor_1_02_desc"	"+1 максимального здоровья. \nТрохи зварювання повинно допомогти краще з'єднати ці частини броні."	""
"upgrade_armor_2_01_desc"	"+1 максимального здоровья. \nЯ можу отримати додатковий захист від цієї броні, загартувавши метал, друже."	""
"upgrade_armor_2_02_desc"	"+1 максимального здоровья. \nПокривши броню металом високої якості, я можу зробити її дійсно міцною."	""
"upgrade_armor_3_01_desc"	"+1 максимального здоровья. \nЦя броня виготовлена з металу найвищої якості."	""
"upgrade_armor_3_02_desc"	"+1 максимального здоровья. \nМетал кували і складали шар за шаром, поки він не став досконало міцним."	""
"upgrade_armor_reduce_1_desc"	"25% стійкості до пошкоджень. \nЗмінивши кути своєї броні, ти не даси ворогам влучити як слід."	""

"upgrade_water_1_01_desc"	"+1 максимума води. \nМожу трохи розширити бак для води."	"In-store descriptions for water tank upgrades. The instances with the suffix _1 are sold by Cranky; _2 by Biff; _3 by dandy."
"upgrade_water_1_02_desc"	"+1 максимума води. \nЯ думаю, я міг би додати ще один бак, поруч із тим, що вже є."	""
"upgrade_water_2_01_desc"	"+1 максимума води. \nСтарий бак доведеться зняти, але я впевнений, що ми зможемо поставити туди більший."	""
"upgrade_water_2_02_desc"	"+1 максимума води. \nБільше завжди краще. Треба лише трохи перепланувати простір."	""
"upgrade_water_3_01_desc"	"+1 максимума води. \nЯ не маю точних даних щодо розмірів. Схоже на щось безмежне, чи не так?"	""
"upgrade_water_3_02_desc"	"+1 максимума води. \nЕхо... ехо... ехо... Можливо, десь там внизу таки є дно."	""
"upgrade_water_process_1_desc"	"+50% води з басейнів. \nСистема ущільнення, що не дасть втратити жодної краплі знайденої води."	""

"upgrade_light_1_01_desc"	"+60 секунд тривалості світла. \nЯкщо замінити у твоїй печі дрова на вугілля, вона працюватиме трішки довше."	"In-store descriptions for lantern upgrades. The instances with the suffix _1 are sold by Cranky; _2 by Biff; _3 by dandy."
"upgrade_light_2_01_desc"	"+60 секунд тривалості світла. \nНафта! Це шлях у майбутнє, синку."	""
"upgrade_light_3_01_desc"	"+60 секунд тривалості світла. \nПередові здобутки фізики. Вони зроблять тебе таким сяючим, як зірка на небі."	""

"upgrade_pouch_1_01_desc"	"+1 слот в інвентарі. \nВам знадобиться більша сумка, якщо ви хочете принести більший улов."	"In-store descriptions for pouch upgrades. The instances with the suffix _1 are sold by Cranky; _2 by Biff; _3 by dandy."
"upgrade_pouch_1_02_desc"	"+1 слот в інвентарі. \nТобі просто потрібно докласти зусиль, і ти зможеш нести цю сумку."	""
"upgrade_pouch_1_03_desc"	"+1 слот в інвентарі. \nЦе найбільший мішечок, який я можу виготовити самостійно."	""
"upgrade_pouch_2_01_desc"	"+1 слот в інвентарі. \nПросторий, як диліжанс."	""
"upgrade_pouch_2_02_desc"	"+1 слот в інвентарі. \nТканина мішечку ще й тягнеться зручно. Шику - хоч відбавляй!"	""
"upgrade_pouch_3_01_desc"	"+1 слот в інвентарі. \nПотрійна прошивка з подвійною підкладкою - витримає навіть найважчий вантаж!"	""

"upgrade_pickaxe_pre_desc"	"Я заточу для тебе цю кирку. З нею ти зможеш копати твердіший ґрунт."	"In-store descriptions for pickaxe upgrades. The instances with the suffix pre or _1 are sold by Cranky; _2 by Biff; _3 by dandy."
"upgrade_pickaxe_1_01_desc"	"+2 пошкодження ґрунту. \nПринаймні, міцніший за той, що у вас є."	""
"upgrade_pickaxe_1_02_desc"	"+2 пошкодження ґрунту. \nДодавання трохи олова до цього леза повинно його зміцнити."	""
"upgrade_pickaxe_1_03_desc"	"+2 пошкодження ґрунту. \nЦе метал найвищої якості. Гарний і чистий."	""
"upgrade_pickaxe_1_04_desc"	"+2 пошкодження ґрунту. \nЯ загартую твоє лезо, і тобі буде легше копати."	""
"upgrade_pickaxe_2_01_desc"	"+2 пошкодження ґрунту. \nМіцна сокира для такого відчайдуха, як ти."	""
"upgrade_pickaxe_2_02_desc"	"+2 пошкодження ґрунту. \nРідке срібне ядро збільшить силу твоїх замахів."	""
"upgrade_pickaxe_2_03_desc"	"+2 пошкодження ґрунту. \nПокращи ядро до чистого золота - і замахи стануть ще потужнішими."	""
"upgrade_pickaxe_2_04_desc"	"+2 пошкодження ґрунту. \nМіцний - це слово, яке найкраще підходить для опису цього вибору."	""
"upgrade_pickaxe_3_01_desc"	"+2 пошкодження ґрунту. \nГострий і міцний. А ще він доступний у різних кольорах."	""
"upgrade_pickaxe_3_02_desc"	"+2 пошкодження ґрунту. \nЗавжди можна підвищити рівень твердості."	""
"upgrade_pickaxe_3_03_desc"	"+2 пошкодження ґрунту. \nНе тільки чудовий колір вимагає преміум-ціни."	""
"upgrade_pickaxe_3_04_desc"	"+2 пошкодження ґрунту. \nНайтвердіша з найтвердіших. Краса - це просто приємний додаток."	""
"upgrade_pickaxe_speed_1_desc"	"+20% швидкості кирки. \nАеродинаміка, друже! Це покращення дозволить кирці розрізати повітря, як масло."	"In-store description for the speed upgrade to the pickaxe. Sold by Biff."
"upgrade_pickaxe_damage_1_desc"	"+1 пошкодження ворогам. \nХочеш обробити кінчик кирки цим? Ворогам це не сподобається."	"In-store description for enemy damage upgrade for the pickaxe. Sold by Cranky."

"upgrade_drill_1_01_desc"	"+4 пошкодження ґрунту. \nDrillMaster 3000 - головка зі спеціальними жолобками, що полегшують буріння твердого ґрунту."	"In-store descriptions for drill upgrades. The instances with the suffix _1 are sold by Biff; _2 by Dandy."
"upgrade_drill_1_02_desc"	"+4 пошкодження ґрунту. \nБур-о-трон це найновіша і найкраща технологія у сфері бурових головок."	""
"upgrade_drill_2_01_desc"	"+4 пошкодження ґрунту. \nУльтрабур! Не погоджуйся на менше"	""
"upgrade_drill_2_02_desc"	"+4 пошкодження ґрунту. \nГіпербур без жодних проблем просвердлить платину, інкрустовану діамантами."	""
"upgrade_drill_efficiency_1_desc"	"-33% витрати води при свердлінні. \nЦе зменшить тертя, тому ти витрачатимеш менше води."	"Drill will consume only half as much water as before. Sold by Biff."

"upgrade_punch_1_01_desc"	"+2 пошкодження ґрунту, +1 ворогам. \nЦі камені навіть не зрозуміють, що їх вдарило. \nУ коханні та гірничій справі всі засоби хороші."	"In-store descriptions for steam punch upgrades. Sold by Dandy."
"upgrade_punch_1_02_desc"	"+2 пошкодження ґрунту, +1 ворогам. \nТепер з більш ефективним накопиченням сили."	""
"upgrade_punch_1_03_desc"	"+2 пошкодження ґрунту, +1 ворогам. \nВи не знайдете більш кращого вдосконалення з цього боку Ріо-Гранде."	""
"upgrade_punch_speed_1_desc"	"+50% швидкості заряджання Парового Удару. \nЗавдяки правильному змащенню ви зможете збільшити продуктивність."	"Decreases the charge time for the steam punch. Sold by Dandy."

"upgrade_dynamite_desc"	"Проста штука - кидаєш у те, що хочеш рознести на друзки. Головне - сам під вибух не потрап."	"In-store description of dynamite. Sold by Cranky."
"upgrade_ladder_desc"	"Практична річ, яку варто мати при собі. Драбини можна складати одна на одну, щоб вибратися зі складних ситуацій!"	"In-store description of ladder. Sold by Cranky."
"upgrade_lamp_desc"	"Можна освітити потрібне місце за допомогою розміщуваних ліхтарів."
"upgrade_teleporter_desc"	"Дивакуваті пристрої Джо. Він використовував їх, щоб створювати короткі шляхи назад до Тамблтона. Можеш і сам спробувати."	"In-store description of teleporter. Sold by Cranky."
"upgrade_chargejump_desc"	"-50% витрати води на Паровий Стрибок. \nЗ цими додатковими камерами тиску твій Паровий Стрибок стане ефективнішим."	"In-store description of steam jump upgrade. Sold by Cranky."

"restore_health"	"Здоров'я"	"Will fill up your health bar to max."
"restore_health_desc"	"Дасть тобі гарний заряд бадьорості й повністю відновить здоров’я."	"Cranky's in-store description of the health fill up."

"buy_failed_too_expensive_Cranky"	"Вибач, ти не можеш собі цього дозволити."	"Speaker=Cranky"
"buy_failed_full_Cranky"	"Цього вже достатньо."	"Speaker=Cranky"
"buy_failed_locked_Cranky"	"Над цим ще трохи доведеться попрацювати."	"Speaker=Cranky"

"buy_failed_too_expensive_Jack"	"Більшу знижку дати вже не можу, друже."	"Speaker=Biff"
"buy_failed_full_Jack"	"Цього в тебе вже вдосталь."	"Speaker=Biff"
"buy_failed_locked_Jack"	"Трохи вище твого рівня. Інша крамниця може мати щось простіше для тебе."	"Speaker=Biff"

"buy_failed_too_expensive_Dandy"	"Це справедлива ціна, я вважаю."	"Speaker=Dandy"
"buy_failed_full_Dandy"	"О, я ніколи не намагатимуся продати вам більше, ніж вам потрібно, сер."	"Speaker=Dandy"
"buy_failed_locked_Dandy"	"Вибач, це не сумісно з твоєю версією. Ти можеш знайти щось більш підходяще в інших магазинах."	"Speaker=Dandy"

#------- Character names -------
"character_unknown"	"???"	"Should not be localized."
"character_rusty"	"Расті"	"Should not be localized."
"character_dorothy"	"Дороті"	"Should not be localized."
"character_cranky"	"Буркотун"	"Should not be localized."
"character_lola"	"Лола"	"Should not be localized."
"character_jack"	"Біфф"	"Should not be localized."
"character_dandy"	"Денді"	"Should not be localized."
"character_hola"	"Хола"	"Should not be localized."
"character_joe"	"Вольтбот"	"Should not be localized."

#------- Banner text -------
"banner_pickup_header"	"Отримано Предмет"	"Text displayed in a banner when Rusty picks up his first pickaxe."
"banner_upgrade_header"	"Інтегрована Технологія"	"Text displayed in a banner when Rusty finds new technology upgrades down in caves."
"banner_bought_header"	"Покращення Придбано"	"Text displayed in a banner when an upgrade is bought."
"banner_bought_text"	"%1% Рівень %2%"	"%1% is upgrade name, %2% is rank (as 2/3); only the word Rank needs to be localized"
"banner_upgrade_item_header"	"Предмет Розблоковано"	"Text displayed in a banner when a new item is unlocked in a store."
"banner_level_header"	"Нова Область"	"Text displayed in a banner when Rusty first arrives to an area."
"banner_level_archaea"	"Архея"	"Should not be localized"
"banner_level_tumbleton"	"Тамблтон"	"Should not be localized"
"banner_level_old_world"	"Старий Світ"	"Should not be localized"
"banner_level_vectron"	"Вектрон"	"Should not be localized"
"banner_sell_text"	"Отримано $%1%!"	"%1% is money amount gained from selling your inventory. Only the word Got should be localized."
"banner_upgrade_unlocked"	"Покращення Розблоковано!"	"Text displayed in a banner when a new upgrade is unlocked."
"banner_shop_unlocked"	"Тамблтон Зростає!"	"Text displayed in a banner when a new store is available in town."
"expbar_header"	"Очки Скарбів:"	"Text displayed as headline in the UI for treasure points. This UI pops out when selling resources as they are converted to treasure points that Rusty collects to unlock new items and shops."
"banner_new_quest_header"	"Нове Завдання"	"Text displayed in a banner when a new undefined quest is set to in-progress."
"exp_bar_level"	"Рівень: "	"Displayed in the treasure points UI in fornt of the amount indicator of treasure points gathered. "
"exp_bar_next_level"	"Наступний: "	"Text in the Treasure poits UI denoting how many points to next level, when new items will be unlocked."
"found_secret"	"Секретна Зона!"	"Displayed in a banner when Rusty finds a secret area in the mine."

# ------ Quest Banners
"banner_quest_return"	"Поверністься в Місто"	"Displayed in a banner when the quest is to return to town."
"banner_quest_pickaxe"	"Знайдіть дядька Джо"	"Displayed in a banner when Rusty gets a specific quest to go see the dead body of his uncle Joe."
"banner_quest_lever"	"Знайдіть Важіль"	"Displayed in a banner when Rusty gets a specific quest to go pull a lever to open a door."
"banner_quest_mining"	"Добудьте Руду"	"Displayed in a banner when Rusty gets a specific quest to go and try mining ore for the first time."
"banner_quest_sell"	"Продайте Здобич"	"Displayed in a banner when Rusty gets a specific quest to go sell the ore he found on the above quest."
"banner_quest_explore"	"Дослідіть Печеру"	"Displayed in a banner when Rusty gets a specific quest to go explore a cave."
"banner_quest_explore2"	"Дослідіть Глибини"	"Displayed in a banner when Rusty has finished the last quest of a world and should enter the next one; before he knows the name of that world."
"banner_quest_explore3"	"Продовжуйте Досліджувати"	"Displayed in a banner when Rusty has found an upgrade in Old World but is not forced to go up to town to get his next quest."
"banner_quest_oldworld"	"Дослідіть Старий Світ"	"Displayed in a banner when Rusty gets a quest to explore old world."
"banner_quest_vectron"	"Дослідіть Вектрон"	"Displayed in a banner when Rusty gets a quest to explore Vectron"
"banner_quest_boss"	"Атакуйте"	"Displayed in a banner when Rusty is able to damage the boss in the final show down."
"banner_quest_bossdoor"	"Увійдіть у Двері"	"Displayed in a banner when Rusty is able to enter the final boss room."
"banner_quest_generator"	"Знищіть Генератор"	"Displayed in a banner when Rusty should go and destroy the generators."

#------- Menu items -------
"ui_back"	"Назад"	"Displayed on a button that will take you back in the UI."
"ui_self_destruct"	"Самознищення"	"Displayed on a button that will kill Rusty so he will re-spawn in town. Used if player gets stuck."
"ui_options"	"Опції"	"Displayed on a button that will take you to the Options menu."
"effectsvolume"	"Звукові Ефекти"	"Heading over the slider in the options menu."
"musicvolume"	"Гучність Музики"	"Heading over the slider in the options menu."
"ui_restart_demo"	"Перезапустити Демоверсію"	"Only shown in the Demo Mode, instead of ui_main_menu."
"ui_confirm_restart_demo"	"Ви впевнені, що хочете перезапустити?"	"Is displayed to warn the player of the consequences of restarting the demo."
"ui_main_menu"	"Головне Меню"	"Displayed on a button that will take you to the main menu."
"ui_continue"	"Продовжити"	"Displayed on a button that will take you to the next step in a given circumstance."
"ui_paused"	"Пауза"	"Displayed when the game is paused."
"ui_game_over_info"	"Ви були знищені.\nВартість ремонту: $%1% (50%%)"	"Shown in a text box when having died, informs the player about there being a fee for being reconstructed."
"ui_game_over_continue"	"Продовжити"	"Is displayed on a button that will let you play again after Rusty dies. The A: signifies which button to press if not using the touch screen."
"ui_game_over_try_again"	"Спробувати Знову"	"Is displayed on a button that will let you play again after Rusty dies in a level, pressing it restarts the level. The A: signifies which button to press if not using the touch screen."
"ui_confirm_self_destruct"	"Ви впевнені, що хочете самознищитися і реконструюватися в Тамблетоні за певну плату?"	"Is displayed to warn the player of the consequences of using the selfdestruct button in the mine."
"ui_confirm_self_destruct_cave"	"Ви впевнені, що хочете самознищитися і перезапустити рівень?"	"Is displayed to warn the player of the consequences of using the selfdestruct button in a cave."
"ui_confirm_main_menu"	"Ви впевнені, що хочете вийти? Незбережений прогрес буде втрачено."	"Is displayed to warn the player of the consequences of quitting the game."
"ui_confirm_buy_upgrade"	"Ви хочете купити %1%?\nГотівки: %2%, Сфер: %3%"	"%1% is name of upgrade, %2% is cost in Cash, %3% is cost in orbs"
"ui_saved_game"	"Гру Збережено"	"On screen text when the game auto saves."
"ui_press_x_again_to_skip_conversation"	"Натисніть X ще раз, щоб пропустити діалог."	"Tells the player that hitting the X button one more time will skip a dialogue in progress."
"ui_conversation_name_separator"	": "	"Separator between name of character and the text they're saying. No additional spaces added."
"ui_conversation_ellipsis_start"	"... "	"Added at the start of text that continues from a previous page. No additional spaces added."
"ui_conversation_ellipsis_end"	" ..."	"Added at the end of text that will continue on the next page. No additional spaces added."
"ui_exitshop"	"Вихід"	"Displayed on a button that makes you leave the shop UI."
"ui_buyitem"	"Купити"	"Displayed on a button that makes you buy an item in the shop UI."
"menu_slot_0_number"	"Слот A"	"First slot of saved games in the start menu."
"menu_slot_1_number"	"Слот Б"	"second slot."
"menu_slot_2_number"	"Слот В"	"third slot."
"menu_play"	"Грати"	"Displayed on a button that confirms the save game slot selected to be played."
"menu_start"	"Почати"	"Displayed on a button that starts the game once it has been opened from the 3DS menu."
"menu_press_x_to_skip"	"Натисніть X щоб пропустити."	"tells the player that hitting the X button one more time will skip though a menu"
"message_yes"	"Так"	"Displayed on a confirm button"
"message_no"	"Ні"	"Displayed on a discard button"
"message_question"	"Ви впевнені, що хочете видалити цей слот?"	"An extra warning for players hitting the erase button."

#------- Stats screen ------
"menu_stats_title"	"~Статистика Завершення~"	"Title showed in stats screen (lower screen during end game credits), should fit on one line"
"menu_stat_time"	"Час:"	"As in how long it took to finish the game"
"menu_stat_gold"	"Всього Готівки:"	"As in total cash collected during play through"
"menu_stat_orbs"	"Всього Сфер:"	"As in total orbs collected during play through"
"menu_stat_deaths"	"Смертей:"	"As in total times died during play through"

#------- Inventory ------
"inventory_no_selection"	"Слот не вибрано"	""
"inventory_slot_locked"	"Слот заблоковано"	""
"inventory_slot_empty"	"Слот порожній"	""
"inventory_slot_format"	"%1%: $%2% (Всього: $%3%)"	"%1% will be item name, %2% will be item value, %3% will be total value of stack"
"inventory_slot_format_gem"	"%1%: $%2%"	"%1% will be item name, %2% will be item value. Used for gems, since they cannot stack"
"inventory_haul"	"Загальна вартість:"	""
"inventory_depth"	"Глибина:"	""

#------- Resources -----

"resource_ore_trashium"	"Сміттеріум"	""
"resource_ore_copper"	"Мідь"	""
"resource_ore_ironium"	"Залізій"	""
"resource_ore_silver"	"Срібло"	""
"resource_ore_dolomite"	"Доломіт"	""
"resource_ore_bronzite"	"Бронзит"	""
"resource_ore_chocolotite"	"Шоколатит"	""
"resource_ore_galena"	"Галенит"	""
"resource_ore_gold"	"Золото"	""
"resource_ore_biotite"	"Біотит"	""
"resource_ore_obsidian"	"Обсидіан"	""
"resource_ore_lazurite"	"Лазурит"	""
"resource_ore_uranium"	"Уран"	""
"resource_ore_beryllium"	"Берилій"	""
"resource_ore_red_gold"	"Червоне Золото"	""
"resource_ore_purpletite"	"Пурпулетит"	""
"resource_ore_ambrium"	"Бурштиній"	""
"resource_ore_meteorrock"	"Метеоритна Руда"	""
"resource_ore_unobtanium"	"Нездобутій"	""
"resource_ore_gravitonium"	"Гравітоній"	""
"resource_ore_darkmatter"	"Темна Матерія"	""

"resource_crystal_citrine"	"Цитрин"	""
"resource_crystal_quartz"	"Кварц"	""
"resource_crystal_amethyst"	"Аметист"	""
"resource_crystal_avenyurine"	"Авантюрин"	""
"resource_gem_zoisite"	"Зоісій"	""
"resource_gem_topaz"	"Топаз"	""
"resource_gem_emerald"	"Смарагд"	""
"resource_gem_ruby"	"Рубін"	""
"resource_gem_diamond"	"Діамант"	""

"resource_coin"	"Монета"	""

#------- World text -------
"inventory_full"	"Немає Місця!"	"An on screen text displayed when close to a resource while having no more room in the inventory pouch."
"buildings_max"	"Забагато!"	""
"buildings_out_of_stock"	"Скінчилось!"	""
"buildings_not_here"	"Не Тут!"	""
"lamps_too_close"	"Занадто Близько!"	"An on screen text displayed when trying to place lamps too close to each other."
"light_time_depleted"	"Потрібне Світло..."	"An on screen text displayed when light is completely depleted."
"resource_pickup"	"%1% ($%2%)"	"%1% is resource name, %2% is value; controlled by other text so does not have to be localized."
"need_water"	"Потрібна Вода..."	"An on screen text displayed when trying to use tools that consume water when water supply is depleted."

# ------ Conversation response buttons
"next"	"Далі"	"Displayed on a button that will skip to the next part of a dialogue in progress."

# ------ Indicator text
"dig_text"	"Копати"	"Displayed in combination with on-screen graphics explaining how to dig."
"run_text"	"Бігти"	"Displayed in combination with on-screen graphics explaining how to run."
"runjump_text"	"Бігти + Стрибати"	"Displayed in combination with on-screen graphics explaining how to run-jump."
"chargejump_text"	"Паровий Стрибок"	"Displayed in combination with on-screen graphics explaining how to charge jump."
"drill_text"	"Бур"	"Displayed in combination with on-screen graphics explaining how to use the drill."
"toggle_kit_text"	"Змінити Обладнання"	"Displayed in combination with on-screen graphics explaining how to switch items in use."
"walljump_text"	"Стрибок по стіні"	"Displayed in combination with on-screen graphics explaining how to jump up along walls."
"doublejump_text"	"Статичний Ривок"	"Displayed in combination with on-screen graphics explaining how to use the double jump upgrade."

# ------ DEATH DIALOGUE.
"death_fallback_00"	"*Ой*, *йой*, *йой*."	"Speaker=Lola; This is an approximation of the smacking sound one makes to show that someone has done something wrong. All death dialogue is used to give tips on how to better handle, whatever killed you, the next time you encounter it."
"death_fallback_01"	"Тобі справді варто бути обережнішим, чуєш?"	"Speaker=Lola"

"death_first_00"	"Мабуть, не завжди все йде так, як ти плануєш."	"Speaker=Lola"
"death_first_01"	"Буркотуну вдалося зібрати тебе до купи."	"Speaker=Lola"
"death_first_02"	"Довелося замовляти нові деталі і все інше."	"Speaker=Lola"
"death_first_03"	"Недешево обійшлося. Він взяв з тебе невелику плату за збірку."	"Speaker=Lola"

"death_crush_00"	"Обережніше копай, тигре."	"Speaker=Lola"
"death_crush_01"	"У темряві важко помітити небезпеку."	"Speaker=Lola"
"death_crush_02"	"Повертайся на поверхню, щоб знову поповнити свій запас світла."	"Speaker=Lola"
"death_crush_03"	"Ці блоки розчавлять все на своєму шляху."	"Speaker=Lola"
"death_crush_04"	"Дивися під ноги."	"Speaker=Lola"

"death_fall_00"	"Ні в якому разі не стрибай з висоти. Ковзай по стінах, щоб не розбитися."	"Speaker=Lola"
"death_fall_01"	"Ти можеш впасти лише з невеликої висоти, щоб не зазнати ушкоджень."	"Speaker=Lola"
"death_fall_02"	"Якщо ти там зламаєшся, ти зможеш повернутися пізніше, щоб забрати те, що загубив."	"Speaker=Lola"
"death_fall_03"	"Завжди корисно поповнити запаси здоров'я перед тим, як спуститися в темряву."	"Speaker=Lola"

"death_suicide_00"	"Якщо не в змозі забрати все, що видобув, обов'язково повернись і забери це пізніше."	"Speaker=Lola"
"death_suicide_01"	"Якщо застряг, пошукай воду. Це може допомогти тобі вибратися."	"Speaker=Lola"
"death_suicide_02"	"Деякі з набутих нових навичок дозволять тобі повернутися неушкодженим."	"Speaker=Lola"
"death_suicide_03"	"Іноді варто копати вниз, щоб повернутися нагору."	"Speaker=Lola"
"death_suicide_04"	"Якщо ґрунт став надто твердим, можливо, слід удосконалити кирку."	"Speaker=Lola"
"death_suicide_05"	"Ти можеш дотягнутися до протилежної стінки у вертикальному тунелі, щоб прокласти собі горизонтальний шлях."	"Speaker=Lola"

"death_enemy_acidblock_00"	"Спробуй підкопувати небезпечні блоки з різних боків."	"Speaker=Lola"
"death_enemy_acidblock_01"	"Якщо хочеш пройти під кислотними краплями, потрібно ретельно вибирати момент."	"Speaker=Lola"
"death_enemy_acidblock_02"	"Деякі речовини можуть пропалювати як ґрунт так і твою броню."	"Speaker=Lola"
"death_enemy_acidblock_03"	"Кислоти завдають шкоди не тільки тобі, а й ворогам."	"Speaker=Lola"

"death_enemy_ACID_POOL_00"	"Fiends will get just as hurt as you by that stuff."	"Speaker=Lola"
"death_enemy_ACID_POOL_01"	"You can handle a little bit of that stuff but you shouldn't take a bath in it."	"Speaker=Lola"

"death_enemy_trilobite_00"	"The critters can drop some useful things when you clobber them."	"Speaker=Lola"
"death_enemy_trilobite_01"	"Strong boy like you should be able to take them critters with your pickaxe."	"Speaker=Lola"
"death_enemy_trilobite_02"	"You should always try to get at the critters before they break out of the ground."	"Speaker=Lola"
"death_enemy_trilobite_03"	"If you follow them critters and hit them in the back you're less likely to get hurt."	"Speaker=Lola"
"death_enemy_trilobite_04"	"You can use the advantage of higher ground to keep out of harm's way."	"Speaker=Lola"
"death_enemy_trilobite_05"	"Having a hole between yourself and the critters takes a bit longer, but it's safer."	"Speaker=Lola"

"death_ENEMY_TURTLE_BASE_00"	"You needs to make room to handle these creatures without getting hurt."	"Speaker=Lola"
"death_ENEMY_TURTLE_BASE_01"	"Best to just stay clear of them shelled devils if you can."	"Speaker=Lola"
"death_ENEMY_TURTLE_BASE_02"	"Be careful not to let them ruin your way back up."	"Speaker=Lola"
"death_ENEMY_TURTLE_BASE_03"	"If you've got enough health you can just duke it out with them."	"Speaker=Lola"

"death_enemy_shiner_00"	"If you're quiet you might catch them in their sleep."	"Speaker=Lola"
"death_enemy_shiner_01"	"Not too bright them Shiners. Shouldn't be too hard to dig traps for them."	"Speaker=Lola"

"death_enemy_boozer_00"	"Stay clear of them bottles now, your hear."	"Speaker=Lola"
"death_enemy_boozer_01"	"They're a rough kind them Boozers. Try getting them from below."	"Speaker=Lola"
"death_enemy_boozer_02"	"You might be able to blow away the ground below them Boozers."	"Speaker=Lola"
"death_enemy_boozer_03"	"Weak legs on them Boozers. Try digging out the ground below them."	"Speaker=Lola"

"death_enemy_barrel_00"	"If you hit them barrels and run, you might control the blast a bit."	"Speaker=Lola"
"death_enemy_barrel_01"	"Don't stand too close to them barrels for too long."	"Speaker=Lola"
"death_enemy_barrel_02"	"I could feel the ground shaking way up here."	"Speaker=Lola"
"death_enemy_barrel_03"	"If more barrels are close by when one blows, you might set off a chain reaction."	"Speaker=Lola"

"death_enemy_spike_00"	"You can dig them spikes out from below."	"Speaker=Lola"
"death_enemy_spike_01"	"They can be a bit hard to spot, them spikes. Always make sure you've got enough light."	"Speaker=Lola"

"death_enemy_turret_00"	"Don't sound like you'll be able to take cover behind dirt."	"Speaker=Lola"
"death_enemy_turret_01"	"Try digging them out."	"Speaker=Lola"

"death_enemy_vectron_minion_00"	"Sounds like they're quite aggressive. Might be able to use that against them."	"Speaker=Lola"
"death_enemy_vectron_minion_01"	"Best stay clear once they start beeping."	"Speaker=Lola"
"death_enemy_vectron_minion_02"	"You might be able to trow some dynamite at them."	"Speaker=Lola"

"death_barrier_00"	"Harmful light! Who's ever heard of such things?"	"Speaker=Lola"

"death_laser_box_00"	"Might want to bonk them on the head. See what happens."	"Speaker=Lola"
"death_laser_box_01"	"Sounds like it's best to stay out of their field of vision."	"Speaker=Lola"

# ------ FALLBACK CONVERSATIONS.
"Dorothy_fallback_01"	"I'll wait here and try to figure a way out."	"Speaker=Dorothy"

"Cranky_fallback_01"	"*Кхм*"	"Speaker=Cranky; The * symbol denotes that the text is a sound and not spoken. E.g. a Sigh sound."

"Cranky_fallback_20"	"*Кхм*"	"Speaker=Cranky"
"Cranky_fallback_21"	"Що будеш замовляти?"	"Speaker=Cranky"
"Cranky_fallback_22"	"Ти зламав, ти купив."	"Speaker=Cranky"
"Cranky_fallback_23"	"Доброго ранку."	"Speaker=Cranky"
"Cranky_fallback_24"	"Ти щось купуєш чи ні?"	"Speaker=Cranky"
"Cranky_fallback_25"	"Більшість цих речей я зробив своїми руками."	"Speaker=Cranky"

"Lola_fallback_01"	"Не забувай навідуватись, чуєш?"	"Speaker=Lola"

"Biff_fallback_00"	"Де вітальний кортеж, друже?"	"Speaker=Biff"
"Biff_fallback_01"	"Біфф повернувся! Йіхаа!"	"Speaker=Biff"
"Biff_fallback_02"	"Не був тут з тих пір, як був молодим. Але важкі часи вже позаду."	"Speaker=Biff"
"Biff_fallback_03"	"Кажуть, ти приніс із собою справжнє відродження містечка, синку."	"Speaker=Biff"
"Biff_fallback_04"	"Біфф Бікон йде туди, де є гроші."	"Speaker=Biff"

"Biff_fallback_20"	"Що ти вибереш, друже?"	"Speaker=Biff"
"Biff_fallback_21"	"Низькі, низькі ціни."	"Speaker=Biff"
"Biff_fallback_22"	"Тобі не доведеться торгуватися. Все вже зі знижками."	"Speaker=Biff"
"Biff_fallback_23"	"Розглядайте все, що завгодно, пане."	"Speaker=Biff"
"Biff_fallback_24"	"Дешевше не знайдеш."	"Speaker=Biff"
"Biff_fallback_25"	"Хто сказав, що якість має свою ціну?"	"Speaker=Biff"

"Dandy_fallback_00"	"Welcome, dear sir."	"Speaker=Dandy"
"Dandy_fallback_01"	"I do believe you've been wasting away devoid of proper commercial alternatives."	"Speaker=Dandy"
"Dandy_fallback_02"	"Not to worry, good fellow."	"Speaker=Dandy"
"Dandy_fallback_03"	"Looking for impeccable wares and service? \nDandy Alexander is whom you seek."	"Speaker=Dandy"
"Dandy_fallback_04"	"It's about time someone brought a bit of class to this town."	"Speaker=Dandy"
"Dandy_fallback_05"	"Do you not agree?"	"Speaker=Dandy"

"Dandy_fallback_20"	"Welcome, good sir."	"Speaker=Dandy"
"Dandy_fallback_21"	"Take a gander at our quality wares."	"Speaker=Dandy"
"Dandy_fallback_22"	"Since you're here, in my store, I presume you must have impeccable taste."	"Speaker=Dandy"
"Dandy_fallback_23"	"Looking for the finer things in life, I gather?"	"Speaker=Dandy"
"Dandy_fallback_24"	"The true value of an item is never in the cost of construction."	"Speaker=Dandy"
"Dandy_fallback_25"	"Peruse to your heart's content."	"Speaker=Dandy"


# ------ RUSTY ENTERS MINE AND TALKS TO JOE'S CORPSE.
"Rusty_enter_mine_01"	"*UMPH*"	"Speaker=Rusty"
"Rusty_enter_mine_02"	"Well, I don't reckon I'll get out the way I got in."	"Speaker=Rusty"
"Rusty_enter_mine_03"	"Could be part of my uncle's mine, I guess. All it needs is a splash of paint."	"Speaker=Rusty"
"Rusty_enter_mine_04"	"Better explore it before the rest of my light dwindles."	"Speaker=Rusty"

"Dorothy_in_mine_00"	"Say! What do you think you're doing?"	"Speaker=Dorothy"
"Dorothy_in_mine_01"	"Your dramatic entrance just caved the roof in."	"Speaker=Dorothy"

"Dorothy_in_mine_03"	"I'm sorry, miss."	"Speaker=Rusty"
"Dorothy_in_mine_04"	"My uncle sent me the claim to this mine."	"Speaker=Rusty"
"Dorothy_in_mine_05"	"I was heading to Tumbleton to find out why, when I fell through."	"Speaker=Rusty"

"Dorothy_in_mine_06"	"Oh... \nYou're Joe's nephew?"	"Speaker=Dorothy"
"Dorothy_in_mine_07"	"He's been gone a while. \nI've been sneaking down here mining what little I can, and..."	"Speaker=Dorothy"
"Dorothy_in_mine_08"	"I just found him."	"Speaker=Dorothy"
"Dorothy_in_mine_09"	"I'm sorry..."	"Speaker=Dorothy"
"Dorothy_in_mine_10"	"You should go see for yourself."	"Speaker=Dorothy"
"Dorothy_in_mine_11"	"I'll wait here and try to find a way out."	"Speaker=Dorothy"

"dead_miner_01"	"It's been a while uncle. Sorry I didn't make it here before you left us."	"Speaker=Rusty"
"dead_miner_02"	"You always claimed we were so much alike? \nCan't say I understand why you sent me the claim, though."	"Speaker=Rusty"
"dead_miner_03"	"I'm no miner."	"Speaker=Rusty"
"dead_miner_04"	"*Sigh* \nWell, I hate to rob you of your plunder."	"Speaker=Rusty"
"dead_miner_05"	"If I could just borrow your pickaxe, I might get out of this calaboose."	"Speaker=Rusty"

"Dorothy_in_mine_12"	"See you found a pickaxe. \nYou do look a proper miner with it."	"Speaker=Dorothy"
"Dorothy_in_mine_13"	"That's good. The lever opening the door out of here got buried when you dropped in."	"Speaker=Dorothy"
"Dorothy_in_mine_14"	"You'll have to clear out a tunnel below us to get to it."	"Speaker=Dorothy"

"Dorothy_in_mine_15"	"You need to clear a tunnel down to the lever so we can get out of here."	"Speaker=Dorothy"

# ------ DOROTHY TELLS YOU TO OPEN UP THE MINE AGAIN.
"Pre_Dorothy1_00"	"You handled that mine like a real pro."	"Speaker=Dorothy"
"Pre_Dorothy1_01"	"Seeing as you're the new owner and all, maybe you should keep it open."	"Speaker=Dorothy"
"Pre_Dorothy1_02"	"Bring any ore you find back up to me and I'll give you a fair rate for it."	"Speaker=Dorothy"
"Pre_Dorothy1_03"	"This town sure can use it."	"Speaker=Dorothy"
"Pre_Dorothy1_04"	"I'm Dorothy by the way."	"Speaker=Dorothy"
"Pre_Dorothy1_05"	"Now, why don't you try mining some precious stones?"	"Speaker=Dorothy"

"Pre_Dorothy1_20"	"What've you got for me?"	"Speaker=Dorothy"
"Pre_Dorothy1_21"	"Find anything good?"	"Speaker=Dorothy"
"Pre_Dorothy1_22"	"Keep mining those valuables."	"Speaker=Dorothy"

"Pre_Cranky1_00"	"Me friends call me Hank, or Cranky... \nYe can call me Mr. McCrank."	"Speaker=Cranky"
"Pre_Cranky1_01"	"Ye're going to want a better pickaxe."	"Speaker=Cranky"
"Pre_Cranky1_02"	"Well, we're fresh out of resources. The mine having been closed and all."	"Speaker=Cranky"

"Pre_Cranky1_20"	"If I was to open up shop again..."	"Speaker=Cranky"
"Pre_Cranky1_21"	"I would need some more resources."	"Speaker=Cranky"

"Pre_Lola1_00"	"Nice to see a new face in town. Especially such a handsome one."	"Speaker=Lola"
"Pre_Lola1_01"	"Don't get many newcomers. Folk are more likely to move in the other direction."	"Speaker=Lola"
"Pre_Lola1_02"	"So! You're our new miner."	""
"Pre_Lola1_03"	"Sorry to see old Joe finally go. He'd not looked well for some time now."	""
"Pre_Lola1_04"	"You're a quiet fellow, just like him, huh?"	"Speaker=Lola"
"Pre_Lola1_05"	"You just let me do the talking then."	"Speaker=Lola"

"Pre_Lola1_20"	"Nice to see a new face in town."	"Speaker=Lola"

# ------ YOU CAN NOW UPGRADE YOUR PICKAXE.
"Pre_Dorothy2_00"	"Looks like you're getting the hang of it."	"Speaker=Dorothy"
"Pre_Dorothy2_01"	"You should go see my daddy at the upgrade shop."	"Speaker=Dorothy"
"Pre_Dorothy2_02"	"He'll fix that pickaxe so you can dig even deeper. "	"Speaker=Dorothy"
"Pre_Dorothy2_03"	"No need to tell him you saw me down there earlier, though."	"Speaker=Dorothy"

"Pre_Dorothy2_20"	"Go talk to my daddy about fixing that pickaxe of yours."	"Speaker=Dorothy"

"Pre_Cranky2_00"	"Now I've got something to work with."	"Speaker=Cranky"

"Pre_Lola2_00"	"So, you're staying put?"	"Speaker=Lola"
"Pre_Lola2_01"	"That's nice."	"Speaker=Lola"

"Pre_Lola2_20"	"It's good to have someone mining here again."	"Speaker=Lola"

# ------ USE YOUR NEW PICKAXE AND EXPLORE THE FIRST CAVE.
"conv_Tumbleton_Dorothy1_00"	"That pickaxe should let you take on harder dirt, deeper down."	"Speaker=Dorothy"
"conv_Tumbleton_Dorothy1_01"	"When I was scavenging for ore I found something else too... A cave."	"Speaker=Dorothy"
"conv_Tumbleton_Dorothy1_02"	"You might want to check it out. Joe used to bring all sorts of stuff down there."	"Speaker=Dorothy"
"conv_Tumbleton_Dorothy1_03"	"Be careful, though."	"Speaker=Dorothy"
"conv_Tumbleton_Dorothy1_04"	"Critters have been a bit feisty since around the time he went missing."	"Speaker=Dorothy"

"conv_Tumbleton_Dorothy1_20"	"Keeping the mine open will really help this town."	"Speaker=Dorothy"
"conv_Tumbleton_Dorothy1_21"	"This town sure can use some growth."	"Speaker=Dorothy"
"conv_Tumbleton_Dorothy1_22"	"You had a chance to look into that cave I found?"	"Speaker=Dorothy"
"conv_Tumbleton_Dorothy1_23"	"What've you got for me?"	"Speaker=Dorothy"
"conv_Tumbleton_Dorothy1_24"	"Find anything good?"	"Speaker=Dorothy"

"conv_Tumbleton_Cranky1_00"	"So ye're keeping yer uncle's mine open? Dangerous place."	"Speaker=Cranky"
"conv_Tumbleton_Cranky1_01"	"Lost my leg to a Shiner, while fixing an old tube in them tunnels."	"Speaker=Cranky"
"conv_Tumbleton_Cranky1_02"	"Guess I could mend it myself but..."	"Speaker=Cranky"
"conv_Tumbleton_Cranky1_03"	"The cobbler's bairns are aye the worst shod, as we said in the old country."	"Speaker=Cranky; An old Scottish saying meaning: The shoemaker's children are the one's with the worst shoes. This means that if someone does something for a living they are usually quite bad at getting those things done at home."
"conv_Tumbleton_Cranky1_04"	"Still, we're a mining town. Can't really get along without a mine, now."	"Speaker=Cranky"

# ------ YOU FOUND SOME SPEED BOOTS IN THE CAVE.
"conv_Tumbleton_Dorothy2_00"	"Dang! What's that on your feet?"	"Speaker=Dorothy"
"conv_Tumbleton_Dorothy2_01"	"I've never seen anything quite like that."	"Speaker=Dorothy"
"conv_Tumbleton_Dorothy2_02"	"Did you find that in the cave? You think Joe left it there for you?"	"Speaker=Dorothy"
"conv_Tumbleton_Dorothy2_03"	"Maybe there's more down in the mine somewhere?"	"Speaker=Dorothy"
"conv_Tumbleton_Dorothy2_04"	"Did you show it to my father? You really should."	"Speaker=Dorothy"

"conv_Tumbleton_Dorothy2_20"	"Best exchange rate in town. Well, the only one."	"Speaker=Dorothy"
"conv_Tumbleton_Dorothy2_21"	"You'll find more valuable ore the deeper you get."	"Speaker=Dorothy"
"conv_Tumbleton_Dorothy2_22"	"What've you got for me?"	"Speaker=Dorothy"
"conv_Tumbleton_Dorothy2_23"	"Find anything good?"	"Speaker=Dorothy"

"conv_Tumbleton_Cranky2_00"	"So, ye found one of Joe's caves, did ye?"	"Speaker=Cranky"
"conv_Tumbleton_Cranky2_01"	"Don't know what unnatural stuff he was up to down there."	"Speaker=Cranky"
"conv_Tumbleton_Cranky2_02"	"Cogs and steam, that I get. He meddled with some weird things, he did."	"Speaker=Cranky"
"conv_Tumbleton_Cranky2_03"	"Sometimes I'd let him stack some of it here in me store. Weird glowing stuff."	"Speaker=Cranky"
"conv_Tumbleton_Cranky2_04"	"I'd rather seen him store it in the cave he dug deeper down."	"Speaker=Cranky"

"conv_Tumbleton_Lola2_00"	"Those are some mighty fine boots you've gotten."	"Speaker=Lola"
"conv_Tumbleton_Lola2_01"	"Bet you're quick as a greased-in steam-hog with them on."	"Speaker=Lola"

"conv_Tumbleton_Lola2_20"	"Strange looking, but fine boots, indeed."	"Speaker=Lola"

# ------ YOU'VE FOUND THE CHARGE JUMP IN THE SECOND CAVE.
"conv_Tumbleton_Dorothy3_00"	"Say, you found more of that strange technology."	"Speaker=Dorothy"
"conv_Tumbleton_Dorothy3_01"	"Weird how it just fits you like that."	"Speaker=Dorothy"
"conv_Tumbleton_Dorothy3_02"	"Like it's made for you."	"Speaker=Dorothy"

"conv_Tumbleton_Dorothy3_20"	"Back in the light again?"	"Speaker=Dorothy"
"conv_Tumbleton_Dorothy3_21"	"Working hard, I see."	"Speaker=Dorothy"
"conv_Tumbleton_Dorothy3_22"	"What've you got for me?"	"Speaker=Dorothy"
"conv_Tumbleton_Dorothy3_23"	"Find anything good?"	"Speaker=Dorothy"

"conv_Tumbleton_Cranky3_00"	"Ye went down there anyway? *Кхм*"	"Speaker=Cranky"
"conv_Tumbleton_Cranky3_01"	"Pigheaded, just like yer uncle. He always went his own way too."	"Speaker=Cranky"
"conv_Tumbleton_Cranky3_02"	"If I can't dissuade ye, might as well help ye figure some of it out."	"Speaker=Cranky"
"conv_Tumbleton_Cranky3_03"	"Don't want me daughter having to shoulder the work of another lost miner."	"Speaker=Cranky"

"conv_Tumbleton_Lola3_00"	"The short while Joe spent on the surface he'd hang around the bar."	"Speaker=Lola"
"conv_Tumbleton_Lola3_01"	"Usually by himself. Scribbling away at his notes."	"Speaker=Lola"
"conv_Tumbleton_Lola3_02"	"I found this old napkin he'd doodled on."	"Speaker=Lola"
"conv_Tumbleton_Lola3_03"	"Looks sort of like a map, don't it? He's marked something on it too."	"Speaker=Lola"

"conv_Tumbleton_Lola3_20"	"You've gotten a chance to look at whatever's on that map?"	"Speaker=Lola"

# ------ YOU FOUND THE DRILL
"conv_Tumbleton_Dorothy4_00"	"Whoa! That drill looks really powerful. Enough to break really tough soil."	"Speaker=Dorothy"
"conv_Tumbleton_Dorothy4_01"	"You think that's what Joe wanted you to do?"	"Speaker=Dorothy"
"conv_Tumbleton_Dorothy4_02"	"Break through to Old World below the mine."	"Speaker=Dorothy"
"conv_Tumbleton_Dorothy4_03"	"Bet there's riches down there."	"Speaker=Dorothy"
"conv_Tumbleton_Dorothy4_04"	"Nothing but Shiners there. Don't think they've any notion of valuable rock."	"Speaker=Dorothy"
"conv_Tumbleton_Dorothy4_05"	"This could mean a gold rush for Tumbleton."	"Speaker=Dorothy"

"conv_Tumbleton_Dorothy4_20"	"Have you broken through to Old World yet?"	"Speaker=Dorothy"
"conv_Tumbleton_Dorothy4_21"	"I'll give you a fair price on anything you dig up."	"Speaker=Dorothy"
"conv_Tumbleton_Dorothy4_22"	"Must be all kinds of exciting, that deep down?"	"Speaker=Dorothy"
"conv_Tumbleton_Dorothy4_23"	"Them Shiners don't scare us, no sir!"	"Speaker=Dorothy"

"conv_Tumbleton_Cranky4_00"	"Some parts look familiar on this drill; ye'll still need steam."	"Speaker=Cranky"
"conv_Tumbleton_Cranky4_01"	"Other parts are way beyond what I've seen before. "	"Speaker=Cranky"
"conv_Tumbleton_Cranky4_02"	"Joe might've gotten his ideas down in Old World I guess."	"Speaker=Cranky"
"conv_Tumbleton_Cranky4_03"	"He did say Shiners were quite brilliant in ancient times..."	"Speaker=Cranky"
"conv_Tumbleton_Cranky4_04"	"Before they wrecked the world, that is."	"Speaker=Cranky"

"conv_Tumbleton_Lola4_00"	"Never was much for company, old Joe."	"Speaker=Lola"
"conv_Tumbleton_Lola4_01"	"He spent all his time in the mine the last few years."	"Speaker=Lola"
"conv_Tumbleton_Lola4_02"	"Never brought much up, though."	"Speaker=Lola"
"conv_Tumbleton_Lola4_03"	"Like there were things got his attention more than precious rock down there."	"Speaker=Lola"

"conv_Tumbleton_Lola4_20"	"Not an easy man to get close to, that old Joe."	"Speaker=Lola"

# ------ YOU'VE ENTERED Old World
"conv_Tumbleton_Cranky5_00"	"So ye got into Old World? Dank and treacherous place."	"Speaker=Cranky"
"conv_Tumbleton_Cranky5_01"	"Ye cleared out that old pneumatic tube too?"	"Speaker=Cranky"
"conv_Tumbleton_Cranky5_02"	"More reliable than those glowing, watchamacallits."	"Speaker=Cranky"
"conv_Tumbleton_Cranky5_03"	"Take care while exploring down there, though."	"Speaker=Cranky"
"conv_Tumbleton_Cranky5_04"	"Shiners can be quite dangerous."	"Speaker=Cranky"
"conv_Tumbleton_Cranky5_05"	"Not really the best place for a mine."	"Speaker=Cranky"
"conv_Tumbleton_Cranky5_06"	"Can't choose where you find a deposit, I guess."	"Speaker=Cranky"

# ------ YOU'VE FOUND THE FIRST UPGRADE IN Old World
"conv_Tumbleton_Dorothy6_00"	"The more of this stuff you dig up the more certain I get."	"Speaker=Dorothy"
"conv_Tumbleton_Dorothy6_01"	"Your uncle placed it there for you to find."	"Speaker=Dorothy"
"conv_Tumbleton_Dorothy6_02"	"Like a trail of breadcrumbs for you to follow."	"Speaker=Dorothy"
"conv_Tumbleton_Dorothy6_03"	"Getting you ready for something."	"Speaker=Dorothy"

"conv_Tumbleton_Dorothy6_20"	"I just knew there was treasure to be found in Old World."	"Speaker=Dorothy"
"conv_Tumbleton_Dorothy6_21"	"Still lots down there to dig up, eh?"	"Speaker=Dorothy"
"conv_Tumbleton_Dorothy6_22"	"You're making progress."	"Speaker=Dorothy"
"conv_Tumbleton_Dorothy6_23"	"These new minerals sure will be great for the town's growth."	"Speaker=Dorothy"

"conv_Tumbleton_Cranky6_00"	"There's scarce trace of the Shiners left up here."	"Speaker=Cranky"
"conv_Tumbleton_Cranky6_01"	"Seeing what humanity looks like nowadays, it's hard to share your uncle's beliefs."	"Speaker=Cranky"
"conv_Tumbleton_Cranky6_02"	"That the Shiners had part in the birth of the first Steambot."	"Speaker=Cranky"
"conv_Tumbleton_Cranky6_03"	"If true, what else were they capable of back then?"	"Speaker=Cranky"

"conv_Tumbleton_Lola6_00"	"Haven't seen a Shiner up top since war times."	"Speaker=Lola"
"conv_Tumbleton_Lola6_01"	"Deranged and dangerous, they are. Thoroughly unpredictable."	"Speaker=Lola"
"conv_Tumbleton_Lola6_02"	"Not unlike most of my patrons."	"Speaker=Lola"

"conv_Tumbleton_Lola6_20"	"They're not so different from us, those Shiners."	"Speaker=Lola"

"conv_Tumbleton_Biff6_00"	"That strange old miner that dug here before you."	"Speaker=Biff"
"conv_Tumbleton_Biff6_01"	"He always ordered some strange stuff."	"Speaker=Biff"
"conv_Tumbleton_Biff6_02"	"Useless things like twisted copper tubes and such nonsense."	"Speaker=Biff"

# ------ YOU'VE FOUND THE SECOND UPGRADE IN Old World
"conv_Tumbleton_Dorothy7_00"	"You'll be getting to the bottom of Old World soon."	"Speaker=Dorothy"
"conv_Tumbleton_Dorothy7_01"	"The end of the trail should be close."	"Speaker=Dorothy"
"conv_Tumbleton_Dorothy7_02"	"You see, beneath Old World it'll be way too hot for any Steambot to dig."	"Speaker=Dorothy"

"conv_Tumbleton_Dorothy7_20"	"You should hit bottom soon."	"Speaker=Dorothy"
"conv_Tumbleton_Dorothy7_21"	"Still at it?"	"Speaker=Dorothy"
"conv_Tumbleton_Dorothy7_22"	"How far down does Old World stretch, you think?"	"Speaker=Dorothy"
"conv_Tumbleton_Dorothy7_23"	"Can you feel the heat down there?"	"Speaker=Dorothy"

"conv_Tumbleton_Cranky7_00"	"I've been running this shop all me life."	"Speaker=Cranky"
"conv_Tumbleton_Cranky7_01"	"Technology don't evolve in leaps and bounds."	"Speaker=Cranky"
"conv_Tumbleton_Cranky7_02"	"It's gradual. One invention enables another."	"Speaker=Cranky"
"conv_Tumbleton_Cranky7_03"	"Not like the things ye're finding down there."	"Speaker=Cranky"
"conv_Tumbleton_Cranky7_04"	"Scares me a bit, I'll admit it."	"Speaker=Cranky"
"conv_Tumbleton_Cranky7_05"	"Not saying they're not useful, though."	"Speaker=Cranky"

"conv_Tumbleton_Lola7_00"	"At times old Joe would be down in the mine for weeks."	"Speaker=Lola"
"conv_Tumbleton_Lola7_01"	"He must've gotten really deep down too."	"Speaker=Lola"
"conv_Tumbleton_Lola7_02"	"Once in a while we thought he'd stay down there for good."	"Speaker=Lola"
"conv_Tumbleton_Lola7_03"	"Proved us right in the end, didn't he?"	"Speaker=Lola"

"conv_Tumbleton_Lola7_20"	"It's a sad thing to see Joe gone."	"Speaker=Lola"
"conv_Tumbleton_Lola7_21"	"Still, I think the mine is where he wanted to end up."	"Speaker=Lola"

"conv_Tumbleton_Biff7_00"	"Preparing for another trip down the tunnels, sonny?"	"Speaker=Biff"
"conv_Tumbleton_Biff7_01"	"Back before the war some of us boys would sneak down and play games of dare."	"Speaker=Biff"
"conv_Tumbleton_Biff7_02"	"Some would come back up and tell stories of glowing lights in the darkness."	"Speaker=Biff"
"conv_Tumbleton_Biff7_03"	"Trying to psych the rest of us out with ghost stories, most likely."	"Speaker=Biff"
"conv_Tumbleton_Biff7_04"	"You don't strike me as the kind scared of ghosts, though."	"Speaker=Biff"

# ------ YOU'VE FOUND THE LAST UPGRADE IN Old World AND ENTERED VECTRON.
"conv_Tumbleton_Dorothy8_00"	"What?! The mine goes even deeper?"	"Speaker=Dorothy"
"conv_Tumbleton_Dorothy8_01"	"Is that frost on your armor? How is that even possible?"	"Speaker=Dorothy"
"conv_Tumbleton_Dorothy8_02"	"Only thing supposed to be down at that depth is molten rock."	"Speaker=Dorothy"
"conv_Tumbleton_Dorothy8_03"	"Please be careful."	"Speaker=Dorothy"
"conv_Tumbleton_Dorothy8_04"	"Something must be cooling the earth down."	"Speaker=Dorothy"
"conv_Tumbleton_Dorothy8_05"	"You really should explore whatever's down there."	"Speaker=Dorothy"

"conv_Tumbleton_Dorothy8_20"	"Take care down there."	"Speaker=Dorothy"
"conv_Tumbleton_Dorothy8_21"	"This is highly precious."	"Speaker=Dorothy"
"conv_Tumbleton_Dorothy8_22"	"We'll make great use of this."	"Speaker=Dorothy"
"conv_Tumbleton_Dorothy8_23"	"I don't get it, it should be blistering below."	"Speaker=Dorothy"

"conv_Tumbleton_Cranky8_00"	"I had no idea there was another tube down there."	"Speaker=Cranky"
"conv_Tumbleton_Cranky8_01"	"Proves yer uncle's been that deep at least."	"Speaker=Cranky"
"conv_Tumbleton_Cranky8_02"	"Might be, ye'll even find the source of Joe's knowledge down there."	"Speaker=Cranky"
"conv_Tumbleton_Cranky8_03"	"Ye'll have to tread carefully, though. This is strange stuff."	"Speaker=Cranky"
"conv_Tumbleton_Cranky8_04"	"Ye've not only opened a way down, ye know."	"Speaker=Cranky"

"conv_Tumbleton_Lola8_00"	"You're a lot younger than Joe, and he'd not been all that well."	"Speaker=Lola"
"conv_Tumbleton_Lola8_01"	"Still, let's hope you're prepared for whatever you'll encounter."	"Speaker=Lola"
"conv_Tumbleton_Lola8_02"	"Good luck."	"Speaker=Lola"

"conv_Tumbleton_Lola8_20"	"You do seem prepared to face the unknown."	"Speaker=Lola"

"conv_Tumbleton_Biff8_00"	"The deeper you dig the better off we'll all be, I say."	"Speaker=Biff"
"conv_Tumbleton_Biff8_01"	"Throw caution to the wind, pilgrim, and let that pick fly."	"Speaker=Biff"
"conv_Tumbleton_Biff8_02"	"Yihaa!"	"Speaker=Biff"

# ------ YOU'VE FOUND THE MINIMAP; YOU'VE BROKEN THROUGH THE FIRST BARRIER.
"conv_Tumbleton_Dorothy9_00"	"There are things living down there?"	"Speaker=Dorothy"
"conv_Tumbleton_Dorothy9_01"	"What are they?"	"Speaker=Dorothy"
"conv_Tumbleton_Dorothy9_02"	"Animals? You think they're smarter than that?"	"Speaker=Dorothy"

"conv_Tumbleton_Dorothy9_20"	"This is very nice."	"Speaker=Dorothy"
"conv_Tumbleton_Dorothy9_21"	"We sure can make use of this new ore."	"Speaker=Dorothy"
"conv_Tumbleton_Dorothy9_22"	"This'll fetch a nice price."	"Speaker=Dorothy"
"conv_Tumbleton_Dorothy9_23"	"Have you found out anything more about the things living down there?"	"Speaker=Dorothy"

"conv_Tumbleton_Cranky9_00"	"This is even weirder than that technology ye found before."	"Speaker=Cranky"
"conv_Tumbleton_Cranky9_01"	"Not a single thing on this looks familiar. Some strange force driving it."	"Speaker=Cranky"
"conv_Tumbleton_Cranky9_02"	"The other stuff was just very advanced steam technology."	"Speaker=Cranky"
"conv_Tumbleton_Cranky9_03"	"This is something different altogether. I can't even figure out what it's supposed to do."	"Speaker=Cranky"
"conv_Tumbleton_Cranky9_04"	"I think I'll call it... Electricity."	"Speaker=Cranky"

"conv_Tumbleton_Lola9_00"	"All these tools you're finding must make digging easier."	"Speaker=Lola"
"conv_Tumbleton_Lola9_01"	"Just take care of your insides too. A true heart is just as important."	"Speaker=Lola"

"conv_Tumbleton_Lola9_20"	"Take care of that steam-heart."	"Speaker=Lola"

"conv_Tumbleton_Biff9_00"	"Sure are a lot of things unknown about what's down in those depths."	"Speaker=Biff"
"conv_Tumbleton_Biff9_01"	"Still, it's worth exploring. You found some great stuff so far, pardner."	"Speaker=Biff"
"conv_Tumbleton_Biff9_02"	"Don't look a gift steam-horse in the mouth, I always say."	"Speaker=Biff; A Steambot version of the saying: Never look a gift horse in the mouth. The meaning is that you should not complain over things you've gotten for free."

"conv_Tumbleton_Dandy9_00"	"Why would a single soul choose to dwell down there?"	"Speaker=Dandy"
"conv_Tumbleton_Dandy9_01"	"In the dirt and dark."	"Speaker=Dandy"
"conv_Tumbleton_Dandy9_02"	"I do believe they must all be somewhat simple, do you not agree?"	"Speaker=Dandy"


# ------ YOU'VE FOUND THE STATIC DASH. 
"conv_Tumbleton_Dorothy10_00"	"You're more new parts than old by now."	"Speaker=Dorothy"
"conv_Tumbleton_Dorothy10_01"	"How much more can you fit?"	"Speaker=Dorothy"
"conv_Tumbleton_Dorothy10_02"	"I really wonder what Joe had in mind, sending you the deed..."	"Speaker=Dorothy"
"conv_Tumbleton_Dorothy10_03"	"Preparing the caves..."	"Speaker=Dorothy"

"conv_Tumbleton_Dorothy10_20"	"You sure look different."	"Speaker=Dorothy"
"conv_Tumbleton_Dorothy10_21"	"Still more to mine down there?"	"Speaker=Dorothy"
"conv_Tumbleton_Dorothy10_22"	"Nice haul!"	"Speaker=Dorothy"
"conv_Tumbleton_Dorothy10_23"	"That's very uncommon ore."	"Speaker=Dorothy"

"conv_Tumbleton_Cranky10_00"	"Technology in and of itself is not dangerous."	"Speaker=Cranky"
"conv_Tumbleton_Cranky10_01"	"How it's used is what defines it."	"Speaker=Cranky"
"conv_Tumbleton_Cranky10_02"	"That being said, the things down there give me the heebee jeebies."	"Speaker=Cranky"
"conv_Tumbleton_Cranky10_03"	"If ye don't know how it works, ye can't know the consequences."	"Speaker=Cranky"

"conv_Tumbleton_Lola10_00"	"You've changed quite a bit since you first arrived."	"Speaker=Lola"
"conv_Tumbleton_Lola10_01"	"If all those add-ons are needed to dig this deep, however did Joe manage?"	"Speaker=Lola"
"conv_Tumbleton_Lola10_02"	"Digging that deep in his condition. No wonder he didn't make it back up."	"Speaker=Lola"

"conv_Tumbleton_Lola10_20"	"You're like a new bot!"	"Speaker=Lola"

"conv_Tumbleton_Biff10_00"	"You remind me of a few people I met out there in the world."	"Speaker=Biff"
"conv_Tumbleton_Biff10_01"	"I'll tell you, no miner I've ever seen's got this look."	"Speaker=Biff"
"conv_Tumbleton_Biff10_02"	"More of a soldier air about you, pardner."	"Speaker=Biff"

"conv_Tumbleton_Dandy10_00"	"Smashing look, dear fellow."	"Speaker= Dandy"
"conv_Tumbleton_Dandy10_01"	"Bold and new."	"Speaker=Dandy"
"conv_Tumbleton_Dandy10_02"	"Nice to see displacement of the norm in what passes for fashion here."	"Speaker= Dandy"

# ------ DOROTHY SENDS YOU TO DESTROY GENERATORS.
"conv_Tumbleton_Dorothy11_00"	"That door might well hold what you've come here for."	"Speaker=Dorothy"
"conv_Tumbleton_Dorothy11_01"	"If there are three barriers, there should be three generators, right?"	"Speaker=Dorothy"
"conv_Tumbleton_Dorothy11_02"	"You'll need to locate all of them."	"Speaker=Dorothy"
"conv_Tumbleton_Dorothy11_03"	"How about taking a look in the upper layers too?"	"Speaker=Dorothy"
"conv_Tumbleton_Dorothy11_04"	"Might be what's been riling the critters so?"	"Speaker=Dorothy"

"conv_Tumbleton_Dorothy11_20"	"Find those generators yet?"	"Speaker=Dorothy"
"conv_Tumbleton_Dorothy11_21"	"You're like a mining machine. Literally."	"Speaker=Dorothy"
"conv_Tumbleton_Dorothy11_22"	"Wonder what's behind that door?"	"Speaker=Dorothy"


"conv_Tumbleton_Cranky11_00"	"Ye have no way of knowing what that door blocks."	"Speaker=Cranky"
"conv_Tumbleton_Cranky11_01"	"Might be Joe wanted ye to open it? That's why he sent ye the deed."	"Speaker=Cranky"
"conv_Tumbleton_Cranky11_02"	"Could be some horrible power on the other side of it."	"Speaker=Cranky"

"conv_Tumbleton_Lola11_00"	"You do have to wonder how Joe did all this on his own."	"Speaker=Lola"

"conv_Tumbleton_Lola11_20"	"How could that old man manage what he did?"	"Speaker=Lola"

"conv_Tumbleton_Biff11_00"	"That door might be the way to unimaginable riches."	"Speaker=Biff"
"conv_Tumbleton_Biff11_01"	"Minerals pressed into the most fantastic materials."	"Speaker=Biff"

"conv_Tumbleton_Dandy11_00"	"Heavens! Look at that desert flower running the exchange shop."	"Speaker= Dandy"
"conv_Tumbleton_Dandy11_01"	"A bit unsophisticated perhaps..."	"Speaker=Dandy"
"conv_Tumbleton_Dandy11_02"	"Though, with cheekplates like that, all she needs is a bit of polish."	"Speaker= Dandy"
"conv_Tumbleton_Dandy11_03"	"I might be able to finesse this place into proper society after all."	"Speaker= Dandy"

# ------ YOU DESTROYED THE OTHER GENERATORS IN Old World AND ARCHAEA; DOOR IS OPEN.
"conv_Tumbleton_Dorothy12_00"	"You do look well prepared."	"Speaker=Dorothy"
"conv_Tumbleton_Dorothy12_01"	"No reason to wait any longer."	"Speaker=Dorothy"
"conv_Tumbleton_Dorothy12_02"	"Go open that door."	"Speaker=Dorothy"

"conv_Tumbleton_Dorothy12_20"	"Open that door."	"Speaker=Dorothy"
"conv_Tumbleton_Dorothy12_21"	"You'll soon know what your uncle was up to."	"Speaker=Dorothy"

"conv_Tumbleton_Cranky12_00"	"It's your decision now, lad."	"Speaker=Cranky"
"conv_Tumbleton_Cranky12_01"	"Hope you're ready for whatever's behind that door."	"Speaker=Cranky"


# ------ BOSS FIGHT!
"Rusty_defies_boss01_00"	"*BZZT*"	"Speaker=Nobody"
"Rusty_defies_boss01_01"	"*BZZZ, BZZZZZZZZZ*"	"Speaker=Nobody"
"Rusty_defies_boss01_02"	"*BZZT*"	"Speaker=Nobody"

"Rusty_defies_boss01_03"	"WELCOME TO VECTRON... *BZZT*"	"Speaker=Nobody"
"Rusty_defies_boss01_04"	"RUSTY."	"Speaker=Nobody"

"Rusty_defies_boss01_05"	"..."	"Speaker=Rusty"
"Rusty_defies_boss01_06"	"Joe?"	"Speaker=Rusty"
"Rusty_defies_boss01_07"	"You look different."	"Speaker=Rusty"

"Rusty_defies_boss01_08"	"BY STUDYING THESE VOLTBOTS I LEARNED HOW TO SHED MY WEAK SHELL."	"Speaker=Joe"
"Rusty_defies_boss01_09"	"LIKE THE STEAMBOT, THEY ARE THE CHILDREN OF HUMANITY."	"Speaker=Joe"
"Rusty_defies_boss01_10"	"THE INGENUITY OF THEIR CONSTRUCTION IS AWE-INSPIRING."	"Speaker=Joe"
"Rusty_defies_boss01_11"	"THE STEAMBOTS ARE NOT WORTHY HEIRS TO THE SURFACE."	"Speaker=Joe"
"Rusty_defies_boss01_12"	"NOW THAT YOU HAVE TRAVELED THE SAME PATH AS ME, YOU ARE VOLTBOT TOO."	"Speaker=Joe"
"Rusty_defies_boss01_13"	"AS SOON AS MY NEW BODY IS COMPLETE... \n*BZZT* WE SHALL RISE!"	"Speaker=Joe"

"Rusty_defies_boss01_14"	"Well, that was... original."	"Speaker=Rusty"
"Rusty_defies_boss01_15"	"I'm sorry, as long as I'm standing you will never reach the surface."	"Speaker=Rusty"

"Rusty_defies_boss01_16"	"YOUR WEAK STEAMBOT HEART WILL BE YOUR UNDOING."	"Speaker=Joe"

"Rusty_defies_boss01_20"	"*BZZZZZZZZZZT*"	"Speaker=Joe"

# ------ BOSS FIGHT 2!
"Rusty_defies_boss02_07"	"PART OF JOE RESIDES IN OUR NEW BODY. HE MERGED WITH US FREELY."	"Speaker=Joe"
"Rusty_defies_boss02_08"	"AND SOON, SO WILL YOU. WE ARE IN NEED OF A TRUE HEART."	"Speaker=Joe"
"Rusty_defies_boss02_09"	"WE HAVE PREPARED YOU. STRIPPED YOU OF YOUR WEAK STEAMBOT SHELL."	"Speaker=Joe"
"Rusty_defies_boss02_10"	"YOU ARE ALREADY MORE PART OF US THAN YOU ARE YOURSELF."	"Speaker=Joe"
"Rusty_defies_boss02_11"	"*BZZT* WE WILL BE INVINCIBLE! THE VOLTBOT WILL RISE AND RULE."	"Speaker=Joe"

"Rusty_defies_boss02_12"	"You've prepared me, that's true. I'm prepared to stop you."	"Speaker=Rusty"

"Rusty_defies_boss02_13"	"THERE IS THAT HEART WE NEED. IF YOU WILL NOT GIVE IT FREELY..."	"Speaker=Joe"

# ------ EPILOGUE
"conv_Epilogue_00"	"There, it is finished. Behold! My masterpiece."	"Speaker=Dandy"

"conv_Epilogue_01"	"What... I thought it was supposed to be a statue of Rusty."	"Speaker=Lola"
"conv_Epilogue_02"	"He was the one who saved this town from them demons after all."	"Speaker=Lola"
"conv_Epilogue_03"	"Not this..."	"Speaker=Lola"
"conv_Epilogue_04"	"What is this anyway, a scrap metal monkey?"	"Speaker=Lola"

"conv_Epilogue_05"	"*Sigh* Is it not obvious?"	"Speaker=Dandy"
"conv_Epilogue_06"	"It is the abstraction of a destructible Steambot acquiring godhood."	"Speaker=Dandy"

"conv_Epilogue_07"	"It sort of resembles me poor father... after he was run over by a freight train."	"Speaker=Cranky"
"conv_Epilogue_07b"	"Bless his soul."	"Speaker=Cranky"

"conv_Epilogue_08"	"My sensibilities for the finer things in life are altogether wasted here."	"Speaker=Dandy"
"conv_Epilogue_09"	"Without Rusty, this place is exhaustively devoid of class."	"Speaker=Dandy"

"conv_Epilogue_10"	"Why do we even need this monument?"	"Speaker=Dorothy"
"conv_Epilogue_11"	"We still haven't done a proper search down there."	"Speaker=Dorothy"

"conv_Epilogue_12"	"A month, he's been missing now, honey."	"Speaker=Cranky"
"conv_Epilogue_13"	"The cataclysm down there destroyed everything beneath Old World."	"Speaker=Cranky"
"conv_Epilogue_14"	"Nothing left down there but rubble."	"Speaker=Cranky"

"conv_Epilogue_15"	"You should probably focus on the future, girl."	"Speaker=Lola"
"conv_Epilogue_16"	"Scavenging in those tunnels is no work for a young lady."	"Speaker=Lola"

"conv_Epilogue_17"	"Nothing walked out of that destruction alive, dear."	"Speaker=Cranky"

"conv_Epilogue_18"	"Come on now, people! This girl can't be the only one with some backbone."	"Speaker=Biff"
"conv_Epilogue_19"	"I miss him too. A close friend, he was."	"Speaker=Biff"
"conv_Epilogue_20"	"*Sniffle* I remember the first day he walked in to my shop..."	"Speaker=Biff"
"conv_Epilogue_20b"	"It was on a Tuesday..."	"Speaker=Biff"

"conv_Epilogue_21"	"Pull yourself together, man."	"Speaker=Dandy"

"conv_Epilogue_22"	"He didn't just evaporate, did he?"	"Speaker=Dorothy"
"conv_Epilogue_23"	"He's still down there, somewhere. I just know it."	"Speaker=Dorothy"
"conv_Epilogue_24"	"I will keep looking."	"Speaker=Dorothy"
"conv_Epilogue_25"	"For better or worse, I will find him."	"Speaker=Dorothy"

# ------ POST-3DS RELEASE
"menu_skip"	"Пропустити"	"Ask the user whether to skip a dialogue / cutscene."
"menu_credits"	"Титри"	""
"menu_options"	"Опції"	""
"menu_buy"	"Купити"	""
"menu_exit"	"Вихід"	""
"menu_profiles_title"	"Вибрати Профіль"	""
"menu_confirm_quit"	"Ви впевнені, що хочете припинити копати?"	""

"ui_shoptitle_Cranky"	"Покращення у Буркотуна"	"The name of Cranky's shop. Same as the in-game graphics."
"ui_shoptitle_Jack"	"Знижковий Кастом"	"The name of Biff's shop. Same as the in-game graphics."
"ui_shoptitle_Dandy"	"ТузМайстер"	"The name of Dandy's shop. Same as the in-game graphics."

"help_weapon_use"	"Атакувати"	"Use your main weapon."
"help_weapon_change"	"Змінити Зброю"	"Change your main weapon."
"help_tool_use"	"Застосувати Предмет"	"Use your active tool/item"
"help_tool_change"	"Змінити Предмет"	"Change your active tool/item"
"help_inventory"	"Інвентар"	"Toggle the inventory menu."
"help_discard"	"Викинути"	"Discard the selected item. I.e. throw away."

"menu_back"	"Назад"	""

"walk_text"	"Йти"	"Displayed in combination with on-screen graphics explaining how to walk."
"jump_text"	"Пригати"	"Displayed in combination with on-screen graphics explaining how to jump."

"vsync"	"В-синхронізація"	"Displayed in options"

"brightness"	"Яскравість"	"Displayed in options"

"fullscreen"	"Повний Екран"	"Displayed in options"

"bloom"	"Блум"	"Displayed in options"

"language"	"Мова"	"Displayed in options"

"ui_game_over_info_cave"	"Ти був знищений."	"Shown in a text box when having died in a cave. Here there's no fee."
"ui_language"	"Мова"	"Button in Options menu leading to a separate screen, for selecting language."

"menu_options_version"	"Версія: %1%"	"Displays the current version of the game in the s-e corner in options"

# ------ POST-STEAM RELEASE

"default_controls_text"	"Керування за замовчуванням"	""

"ui_video"	"Графіка"	"Displayed in options"
"ui_audio"	"Звук"	"Displayed in options"
"ui_controls"	"Керування"	"Displayed in options"
"ui_default_controls_confirmation"	"Відновлення стандартних елементів керування призведе до видалення всіх налаштувань, які ви зробили. Ви впевнені?"	""
"ui_bind_controls"	"Натисніть кнопку, щоб прив'язати її до:\n%1%"	"Shown in a confirmation dialog when the player wants to bind a new button to an action. After the colon is the name of the action."

"controls_actions"	"Дія:"	"Displayed in options, controls"
"controls_keybindings"	"Клівіші:"	"Displayed in options, controls"
"controls_more_bindings"	"..."	"Displayed in options, controls"

"button_move_up"	"Подивитися вгору / Підйом"	""
"button_move_down"	"Подивитися вниз / Спуск"	""
"button_move_left"	"Рухатися вліво"	""
"button_move_right"	"Рухатися вправо"	""
"button_activate"	"Взаємодіяти"	""
"button_jump"	"Стрибати"	""
"button_attack"	"Атакувати"	""
"button_run"	"Біг"	""
"button_use_tool"	"Використати предмет"	""
"button_cycle_weapon"	"Змінити зброю"	""
"button_cycle_tool"	"Змінити предмет"	""
"button_weapon_1"	"Вибрати Кирку"	""
"button_weapon_2"	"Вибрати Бур"	""
"button_weapon_3"	"Вибрати Паровий Удар"	""
"button_inventory"	"Показати інвентар"	""
"button_discard"	"Викинути ресурс"	""
"button_pause"	"Пауза"	""
"button_skip"	"Пропустити розмову"	""

"ui_reset_settings"	"Скинути налаштування"	""
"ui_default_settings_confirmation"	"Ви впевнені, що хочете скинути всі налаштування до заводських?\n(Ваші збереження не будуть пошкоджені)"	""



# ---------------- PlayStation

"uiscale"	"Розмір Інтерфейсу"	"Displayed in Video options. User Interface / UI / GUI size."
"uioffset"	"Позиція Інтерфейсу"	"Displayed in Video options. User Interface / UI / GUI position offset."

"help_exit"	"Вийти"	"Displayed in shop menu. Try to keep short."
"help_shop_buy"	"Купити"	"Displayed in shop menu. Try to keep short."	

"savedata_broken"	"Збережені дані пошкоджені і будуть перезаписані."	""
